accession	message	sample_name	sample_title	bioproject_accession	organism	strain	isolate	sample_type	collected_by	collection_date	geo_loc_name	host	host_disease	isolation_source	lat_lon	replicate	culture_collection	genotype	host_age	host_description	host_disease_outcome	host_disease_stage	host_health_state	host_sex	host_subject_id	host_tissue_sampled	passage_history	pathotype	serotype	serovar	specimen_voucher	subgroup	subtype	description
SAMN08565629	Successfully loaded	U10A.DNA	Genomic DNA from Isolate U02	PRJNA433226	Clavispora lusitaniae	U02		Whole organism	E. Demers	2015	USA: New Hampshire, Lebanon	Homo sapiens	cysticfibrosis	lung	43.64 N 72.25 W																			Dartmouth Hitchcock Medical Center
SAMN08565630	Successfully loaded	U3G.DNA	Genomic DNA from Isolate U03	PRJNA433226	Clavispora lusitaniae	U03		Whole organism	E. Demers	2015	USA: New Hampshire, Lebanon	Homo sapiens	cysticfibrosis	lung	43.64 N 72.25 W																			Dartmouth Hitchcock Medical Center
SAMN08565631	Successfully loaded	U3B.DNA	Genomic DNA from Isolate U04	PRJNA433226	Clavispora lusitaniae	U04		Whole organism	E. Demers	2015	USA: New Hampshire, Lebanon	Homo sapiens	cysticfibrosis	lung	43.64 N 72.25 W																			Dartmouth Hitchcock Medical Center
SAMN08565632	Successfully loaded	U10D.DNA	Genomic DNA from Isolate U05	PRJNA433226	Clavispora lusitaniae	U05		Whole organism	E. Demers	2015	USA: New Hampshire, Lebanon	Homo sapiens	cysticfibrosis	lung	43.64 N 72.25 W																			Dartmouth Hitchcock Medical Center
SAMN08565633	Successfully loaded	U5C.DNA	Genomic DNA from Isolate U06	PRJNA433226	Clavispora lusitaniae	U06		Whole organism	E. Demers	2015	USA: New Hampshire, Lebanon	Homo sapiens	cysticfibrosis	lung	43.64 N 72.25 W																			Dartmouth Hitchcock Medical Center
SAMN08565634	Successfully loaded	U3E.DNA	Genomic DNA from Isolate U07	PRJNA433226	Clavispora lusitaniae	U07		Whole organism	E. Demers	2015	USA: New Hampshire, Lebanon	Homo sapiens	cysticfibrosis	lung	43.64 N 72.25 W																			Dartmouth Hitchcock Medical Center
SAMN08565635	Successfully loaded	U2E.DNA	Genomic DNA from Isolate U08	PRJNA433226	Clavispora lusitaniae	U08		Whole organism	E. Demers	2015	USA: New Hampshire, Lebanon	Homo sapiens	cysticfibrosis	lung	43.64 N 72.25 W																			Dartmouth Hitchcock Medical Center
SAMN08565636	Successfully loaded	L3D.DNA	Genomic DNA from Isolate L09	PRJNA433226	Clavispora lusitaniae	L09		Whole organism	E. Demers	2015	USA: New Hampshire, Lebanon	Homo sapiens	cysticfibrosis	lung	43.64 N 72.25 W																			Dartmouth Hitchcock Medical Center
SAMN08565637	Successfully loaded	L4C.DNA	Genomic DNA from Isolate L10	PRJNA433226	Clavispora lusitaniae	L10		Whole organism	E. Demers	2015	USA: New Hampshire, Lebanon	Homo sapiens	cysticfibrosis	lung	43.64 N 72.25 W																			Dartmouth Hitchcock Medical Center
SAMN08565638	Successfully loaded	L11G.DNA	Genomic DNA from Isolate L11	PRJNA433226	Clavispora lusitaniae	L11		Whole organism	E. Demers	2015	USA: New Hampshire, Lebanon	Homo sapiens	cysticfibrosis	lung	43.64 N 72.25 W																			Dartmouth Hitchcock Medical Center
SAMN08565639	Successfully loaded	L10B.DNA	Genomic DNA from Isolate L12	PRJNA433226	Clavispora lusitaniae	L12		Whole organism	E. Demers	2015	USA: New Hampshire, Lebanon	Homo sapiens	cysticfibrosis	lung	43.64 N 72.25 W																			Dartmouth Hitchcock Medical Center
SAMN08565640	Successfully loaded	L3B.DNA	Genomic DNA from Isolate L13	PRJNA433226	Clavispora lusitaniae	L13		Whole organism	E. Demers	2015	USA: New Hampshire, Lebanon	Homo sapiens	cysticfibrosis	lung	43.64 N 72.25 W																			Dartmouth Hitchcock Medical Center
SAMN08565641	Successfully loaded	L4E.DNA	Genomic DNA from Isolate L14	PRJNA433226	Clavispora lusitaniae	L14		Whole organism	E. Demers	2015	USA: New Hampshire, Lebanon	Homo sapiens	cysticfibrosis	lung	43.64 N 72.25 W																			Dartmouth Hitchcock Medical Center
SAMN08565642	Successfully loaded	L4G.DNA	Genomic DNA from Isolate L15	PRJNA433226	Clavispora lusitaniae	L15		Whole organism	E. Demers	2015	USA: New Hampshire, Lebanon	Homo sapiens	cysticfibrosis	lung	43.64 N 72.25 W																			Dartmouth Hitchcock Medical Center
SAMN08565643	Successfully loaded	L7C.DNA	Genomic DNA from Isolate L16	PRJNA433226	Clavispora lusitaniae	L16		Whole organism	E. Demers	2015	USA: New Hampshire, Lebanon	Homo sapiens	cysticfibrosis	lung	43.64 N 72.25 W																			Dartmouth Hitchcock Medical Center
SAMN08565644	Successfully loaded	L1B.DNA	Genomic DNA from Isolate L17	PRJNA433226	Clavispora lusitaniae	L17		Whole organism	E. Demers	2015	USA: New Hampshire, Lebanon	Homo sapiens	cysticfibrosis	lung	43.64 N 72.25 W																			Dartmouth Hitchcock Medical Center
SAMN08565645	Successfully loaded	S4H.DNA	Genomic DNA from Isolate S18	PRJNA433226	Clavispora lusitaniae	S18		Whole organism	E. Demers	2015	USA: New Hampshire, Lebanon	Homo sapiens	cysticfibrosis	lung	43.64 N 72.25 W																			Dartmouth Hitchcock Medical Center
SAMN08565646	Successfully loaded	S3B.DNA	Genomic DNA from Isolate S19	PRJNA433226	Clavispora lusitaniae	S19		Whole organism	E. Demers	2015	USA: New Hampshire, Lebanon	Homo sapiens	cysticfibrosis	lung	43.64 N 72.25 W																			Dartmouth Hitchcock Medical Center
SAMN08565647	Successfully loaded	S1E.DNA	Genomic DNA from Isolate S20	PRJNA433226	Clavispora lusitaniae	S20		Whole organism	E. Demers	2015	USA: New Hampshire, Lebanon	Homo sapiens	cysticfibrosis	lung	43.64 N 72.25 W																			Dartmouth Hitchcock Medical Center
SAMN08565648	Successfully loaded	S8A.DNA	Genomic DNA from Isolate S21	PRJNA433226	Clavispora lusitaniae	S21		Whole organism	E. Demers	2015	USA: New Hampshire, Lebanon	Homo sapiens	cysticfibrosis	lung	43.64 N 72.25 W																			Dartmouth Hitchcock Medical Center
SAMN08565649	Successfully loaded	L1B.ctl1.DNA	Genomic DNA from Isolate L17 replicate1	PRJNA433226	Clavispora lusitaniae	L17		Whole organism	E. Demers	2015	USA: New Hampshire, Lebanon	Homo sapiens	cysticfibrosis	lung	43.64 N 72.25 W	Biological Replicate 1																		Dartmouth Hitchcock Medical Center
SAMN08565650	Successfully loaded	L1B.ctl2.DNA	Genomic DNA from Isolate L17 replicate2	PRJNA433226	Clavispora lusitaniae	L17		Whole organism	E. Demers	2015	USA: New Hampshire, Lebanon	Homo sapiens	cysticfibrosis	lung	43.64 N 72.25 W	Biological Replicate 2																		Dartmouth Hitchcock Medical Center
SAMN08565651	Successfully loaded	ATCC42720.DNA	Genomic DNA from Isolate ATCC 42720	PRJNA433226	Clavispora lusitaniae	ATCC 42720		Whole organism	E. Demers	2015	USA: New Hampshire, Lebanon	Homo sapiens	myelogenous leukemia	blood	43.64 N 72.25 W		ATCC:42720																	Strain originally collected in California; processed from culture obtained from ATCC
SAMN08565652	Successfully loaded	UpperP.DNA	Genomic DNA from Pool of UL isolates	PRJNA433226	Clavispora lusitaniae	UL Pool		Whole organism	E. Demers	2015	USA: New Hampshire, Lebanon	Homo sapiens	cystic fibrosis	lung	43.64 N 72.25 W																			Dartmouth Hitchcock Medical Center
SAMN08565653	Successfully loaded	LowerP.DNA	Genomic DNA from Pool of LL isolates	PRJNA433226	Clavispora lusitaniae	LL Pool		Whole organism	E. Demers	2015	USA: New Hampshire, Lebanon	Homo sapiens	cystic fibrosis	lung	43.64 N 72.25 W																			Dartmouth Hitchcock Medical Center
SAMN08565654	Successfully loaded	SputuP.DNA	Genomic DNA from Pool of Sp1 isolates	PRJNA433226	Clavispora lusitaniae	Sp1 Pool		Whole organism	E. Demers	2015	USA: New Hampshire, Lebanon	Homo sapiens	cystic fibrosis	lung	43.64 N 72.25 W																			Dartmouth Hitchcock Medical Center
